Workbook

Sheet sales_data
A1: Employee ID | B1: Employee Name | C1: Region | D1: Product ID | E1: Units Sold | F1: Sales Amount | G1: =VLOOKUP(Product_master!B1,Product_master!B$1:D$6,1,FALSE) -> Product Name | H1: =VLOOKUP(Product_master!D1,Product_master!D$1:D$6,1,FALSE) -> Price per Unit | I1: Total Sales Value
A2: E101 | B2: Rahul Mehta | C2: North | D2: P001 | E2: 15 | F2: 45000 | G2: =VLOOKUP(Product_master!B2,Product_master!B$1:D$6,1,FALSE) -> Laptop | H2: =VLOOKUP(Product_master!D2,Product_master!D$1:D$6,1,FALSE) -> 3000 | I2: =H2*E2 -> 45000
A3: E102 | B3: Priya Sharma | C3: South | D3: P002 | E3: 20 | F3: 60000 | G3: =VLOOKUP(Product_master!B3,Product_master!B$1:D$6,1,FALSE) -> Smartphone | H3: =VLOOKUP(Product_master!D3,Product_master!D$1:D$6,1,FALSE) -> 3000 | I3: =H3*E3 -> 60000
A4: E103 | B4: Aman Verma | C4: East | D4: P003 | E4: 10 | F4: 35000 | G4: =VLOOKUP(Product_master!B4,Product_master!B$1:D$6,1,FALSE) -> Headphones | H4: =VLOOKUP(Product_master!D4,Product_master!D$1:D$6,1,FALSE) -> 3500 | I4: =H4*E4 -> 35000
A5: E104 | B5: Sneha Patel | C5: West | D5: P004 | E5: 25 | F5: 125000 | G5: =VLOOKUP(Product_master!B5,Product_master!B$1:D$6,1,FALSE) -> Printer | H5: =VLOOKUP(Product_master!D5,Product_master!D$1:D$6,1,FALSE) -> 5000 | I5: =H5*E5 -> 125000
A6: E105 | B6: Rohan Gupta | C6: North | D6: P005 | E6: 12 | F6: 48000 | G6: =VLOOKUP(Product_master!B6,Product_master!B$1:D$6,1,FALSE) -> Monitor | H6: =VLOOKUP(Product_master!D6,Product_master!D$1:D$6,1,FALSE) -> 4000 | I6: =H6*E6 -> 48000
A7: E106 | B7: Meena Iyer | C7: East | D7: P002 | E7: 18 | F7: 54000 | G7: Smartphone | H7: 3000 | I7: =H7*E7 -> 54000
A8: E107 | B8: Deepak Rao | C8: South | D8: P003 | E8: 22 | F8: 77000 | G8: Headphones | H8: 3500 | I8: =H8*E8 -> 77000
A9: E108 | B9: Kavita Das | C9: West | D9: P001 | E9: 30 | F9: 90000 | G9: Laptop | H9: 3000 | I9: =H9*E9 -> 90000
A10: E109 | B10: Ajay Nair | C10: North | D10: P004 | E10: 14 | F10: 70000 | G10: Printer | H10: 5000 | I10: =H10*E10 -> 70000
A11: E110 | B11: Neha Kulkarni | C11: East | D11: P005 | E11: 8 | F11: 32000 | G11: Monitor | H11: 4000 | I11: =H11*E11 -> 32000
H12: Total Revenue Generated= | I12: =SUM(I2:I11) -> 636000

Sheet Product_master
A1: Product ID | B1: Product Name | C1: Category | D1: Price per Unit
A2: P001 | B2: Laptop | C2: Electronics | D2: 3000
A3: P002 | B3: Smartphone | C3: Electronics | D3: 3000
A4: P003 | B4: Headphones | C4: Accessories | D4: 3500
A5: P004 | B5: Printer | C5: Office Supplies | D5: 5000
A6: P005 | B6: Monitor | C6: Electronics | D6: 4000

Sheet Monthly_target
A3: Region | B3: North | C3: South | D3: East | E3: West
A4: Target Sales | B4: 150000 | C4: 140000 | D4: 120000 | E4: 160000
A5: Actual Sales | B5: =SUMIF(sales_data!C:C, "North", sales_data!I:I) -> 163000 | C5: =SUMIF(sales_data!C2:C11,"South",sales_data!I2:I11) -> 137000 | D5: =SUMIF(sales_data!C2:C11,"East",sales_data!I2:I11) -> 121000 | E5: =SUMIF(sales_data!C2:C11,"West",sales_data!I2:I11) -> 215000
